{
    "display": {
        "icon": {
            "id": "minecraft:copper_ingot",
            "components": {
                "minecraft:item_model": "copper_wrench:copper_wrench"
            }
        },
        "title": "Copper Wrench",
        "description": "\u00a77Adds a copper wrench to configure blocks \n\n\u00a78v1.4",
        "show_toast": false,
        "announce_to_chat": false
    },
    "parent": "global:sygikal",
    "criteria": {
        "requirement": {
            "trigger": "minecraft:tick"
        }
    }
}